<Mashup>
	<!--
	-->

	<Color>
		<Logo bgClr="ffffff"
			  textClrA="000000"
			  textClrB="333333" />
		<Menu over="ffffff"
			  out="777777" />
		<Music clr="990000" />
		<FullScreen clr="990000" />
		<Hover clr="111111" />
	</Color>
	<Logo>
		<icon width="196" text="no" transparent="yes">logo2.png</icon>
	</Logo>
	<Menu default="1,1">
	<!--                                                                                                    MENU SECTIONS -->
		<dat title="MENU">
			<m f="png3c.swf">
				<title>
					<![CDATA[PROJECT - ABOUT - NEWS - CONTACT]]>
				</title>
			</m>
			<m f="simpleBrowse.swf">
				<title>
					<![CDATA[SIMPLE FOLIO]]>
				</title>
			</m>
			<m f="paperSub.swf">
				<title>
					<![CDATA[ADVANCED FOLIO]]>
				</title>
			</m>
			<m f="contact/contact.swf">
				<title>
					<![CDATA[CONTACT FORMULAR]]>
				</title>
			</m>
			<m f="contact/contact5.swf">
				<title>
					<![CDATA[CONTACT FORMULAR WHITE]]>
				</title>
			</m>
		</dat>
	</Menu>
	<!--  Copyright -->
	<Copyright>© COPYRIGHT 3033. ALL RIGHTS RESERVED.</Copyright>
</Mashup>
