<Mashup bgImage="contact/contact/image/bg.swf" pos="CC">
	<form file="contact.php" toMail="info@myflashxml.com" toName="Martin" subject="Demo Subject">
		<txtSend>Sending data please wait!</txtSend>
		<txtError>Error sending data!</txtError>
		<txtComplete>Thank you.<br/> We will contact you soon.</txtComplete>
	</form>
	<text>Dolor sit amet ut labore enim ad minim veniam, quis nostrud exercitation #78<br /><br /><a href="info@myflashxml.com">info@myflashxml.com</a><br /><br />Phone:<br />+33 00 333 444<br /><br />Fax:<br />+33 00 333 444</text>
</Mashup>