<Mashup bgImage="png3c/image/bg.swf" pos="CC">
	<dat date="May 2020" thumb="png3c/image/sm1.jpg" link="http://demo.com" image="png3c/image/img1.jpg" path="paperSub/image/big/t1.png" type="image">
		<title>Great client (image)</title>
		<h1>AKUSAKA</h1>
		<h2>WEB DESING COMPANY</h2>
		<des>Lorem ipsum dolor sit amet, consectetur adipisicing elit, sed do eiusmod tempor incididunt ut labore et dolore magna aliqua. Ut enim ad minim veniam, quis nostrud exercitation ullamco laboris nisi ut aliquip ex ea commodo consequat. Duis aute irure dolor in reprehenderit in voluptate velit esse cillum dolore eu fugiat nulla pariatur. Excepteur sint occaecat cupidatat non proident, sunt in culpa qui officia deserunt mollit anim id est laborum.<br/>Sed ut perspiciatis unde omnis iste natus error sit voluptatem accusantium doloremque laudantium, totam rem aperiam, eaque ipsa quae ab illo inventore veritatis et quasi architecto beatae vitae dicta sunt explicabo. Nemo enim ipsam voluptatem quia voluptas sit aspernatur aut odit aut fugit, sed quia consequuntur magni dolores eos qui ratione voluptatem sequi nesciunt. Neque porro quisquam est, qui dolorem ipsum quia dolor sit amet, consectetur, adipisci velit, sed quia non numquam eius modi tempora incidunt ut labore et dolore magnam aliquam quaerat voluptatem. Ut enim ad minima veniam, quis nostrum exercitationem ullam corporis suscipit laboriosam, nisi ut aliquid ex ea commodi consequatur? Quis autem vel eum iure reprehenderit qui in ea voluptate velit esse quam nihil molestiae consequatur, vel illum qui dolorem eum fugiat quo voluptas nulla pariatur."</des>
	</dat>
	
	<dat date="June 2020" thumb="png3c/image/sm2.jpg" link="http://demo.com" image="png3c/image/img2.jpg" path="dat/Videos/FLVvideo.flv" type="video">
		<title>VIDEO</title>
		<h1>NEMO ENIM IPSAM</h1>
		<h2>AD MINIMA VENIAM ES</h2>
		<des>Consectetur adipisicing elit, sed do eiusmod tempor incididunt ut labore et dolore magna aliqua. Ut enim ad minim veniam, quis nostrud exercitation ullamco laboris nisi ut aliquip ex ea commodo consequat. Duis aute irure dolor in reprehenderit in voluptate velit esse cillum dolore eu fugiat nulla pariatur. Excepteur sint occaecat cupidatat non proident, sunt in culpa qui officia deserunt mollit anim id est laborum.</des>
	</dat>
	
	<dat date="July 2020" thumb="png3c/image/sm3.jpg" link="http://demo.com" image="png3c/image/img1.jpg" path="paperSub/image/big/t1.png" type="image">
		<title>Brend new hybride car</title>
		<h1>NOSTRUM QUIS</h1>
		<h2>AMET DO SITAMET</h2>
		<des>Nemo enim ipsam voluptatem quia voluptas sit aspernatur aut odit aut fugit, sed quia consequuntur magni dolores eos qui ratione voluptatem sequi nesciunt. Neque porro quisquam est, qui dolorem ipsum quia dolor sit amet, consectetur, adipisci velit, sed quia non numquam eius modi tempora incidunt ut labore et dolore magnam aliquam quaerat voluptatem. Ut enim ad minima veniam, quis nostrum exercitationem ullam corporis suscipit laboriosam, nisi ut aliquid ex ea commodi consequatur? Quis autem vel eum iure reprehenderit qui in ea voluptate velit esse quam nihil molestiae consequatur, vel illum qui dolorem eum fugiat quo voluptas nulla pariatur."</des>
	</dat>
	
	<dat date="August 2020" thumb="png3c/image/sm4.jpg" link="http://demo.com" image="png3c/image/img2.jpg" path="dat/Videos/FLVvideo.flv" type="video">
		<title>VIDEO</title>
		<h1>ENIM NATUS</h1>
		<h2>AMET DO SITAMET</h2>
		<des>Sed ut perspiciatis unde omnis iste natus error sit voluptatem accusantium doloremque laudantium, totam rem aperiam, eaque ipsa quae ab illo inventore veritatis et quasi architecto beatae vitae dicta sunt explicabo. Nemo enim ipsam voluptatem quia voluptas sit aspernatur aut odit aut fugit, sed quia consequuntur magni dolores eos qui ratione voluptatem sequi nesciunt. Neque porro quisquam est, qui dolorem ipsum quia dolor sit amet, consectetur, adipisci velit, sed quia non numquam eius modi tempora incidunt ut labore et dolore magnam aliquam quaerat voluptatem. Ut enim ad minima veniam, quis nostrum exercitationem ullam corporis suscipit laboriosam, nisi ut aliquid ex ea commodi consequatur? Quis autem vel eum iure reprehenderit qui in ea voluptate velit esse quam nihil molestiae consequatur, vel illum qui dolorem eum fugiat quo voluptas nulla pariatur." </des>
	</dat>
	<dat date="August 2020" thumb="png3c/image/sm5.jpg" link="http://demo.com" image="png3c/image/img2.jpg" path="dat/Videos/FLVvideo.flv" type="video">
		<title>New powerfull motorbike</title>
		<h1>ENIM NATUS</h1>
		<h2>AMET DO SITAMET</h2>
		<des>Sed ut perspiciatis unde omnis iste natus error sit voluptatem accusantium doloremque laudantium, totam rem aperiam, eaque ipsa quae ab illo inventore veritatis et quasi architecto beatae vitae dicta sunt explicabo. Nemo enim ipsam voluptatem quia voluptas sit aspernatur aut odit aut fugit, sed quia consequuntur magni dolores eos qui ratione voluptatem sequi nesciunt. Neque porro quisquam est, qui dolorem ipsum quia dolor sit amet, consectetur, adipisci velit, sed quia non numquam eius modi tempora incidunt ut labore et dolore magnam aliquam quaerat voluptatem. Ut enim ad minima veniam, quis nostrum exercitationem ullam corporis suscipit laboriosam, nisi ut aliquid ex ea commodi consequatur? Quis autem vel eum iure reprehenderit qui in ea voluptate velit esse quam nihil molestiae consequatur, vel illum qui dolorem eum fugiat quo voluptas nulla pariatur." </des>
	</dat>
	<dat date="August 2020" thumb="png3c/image/sm6.jpg" link="http://demo.com" image="png3c/image/img2.jpg" path="dat/Videos/FLVvideo.flv" type="video">
		<title>VIDEO</title>
		<h1>ENIM NATUS</h1>
		<h2>AMET DO SITAMET</h2>
		<des>Sed ut perspiciatis unde omnis iste natus error sit voluptatem accusantium doloremque laudantium, totam rem aperiam, eaque ipsa quae ab illo inventore veritatis et quasi architecto beatae vitae dicta sunt explicabo. Nemo enim ipsam voluptatem quia voluptas sit aspernatur aut odit aut fugit, sed quia consequuntur magni dolores eos qui ratione voluptatem sequi nesciunt. Neque porro quisquam est, qui dolorem ipsum quia dolor sit amet, consectetur, adipisci velit, sed quia non numquam eius modi tempora incidunt ut labore et dolore magnam aliquam quaerat voluptatem. Ut enim ad minima veniam, quis nostrum exercitationem ullam corporis suscipit laboriosam, nisi ut aliquid ex ea commodi consequatur? Quis autem vel eum iure reprehenderit qui in ea voluptate velit esse quam nihil molestiae consequatur, vel illum qui dolorem eum fugiat quo voluptas nulla pariatur." </des>
	</dat>
	<dat date="May 2020" thumb="png3c/image/sm1.jpg" link="http://demo.com" image="png3c/image/img1.jpg" path="paperSub/image/big/t1.png" type="image">
		<title>Accusantium Doloremque</title>
		<h1>AKUSAKA</h1>
		<h2>WEB DESING COMPANY</h2>
		<des>Lorem ipsum dolor sit amet, consectetur adipisicing elit, sed do eiusmod tempor incididunt ut labore et dolore magna aliqua. Ut enim ad minim veniam, quis nostrud exercitation ullamco laboris nisi ut aliquip ex ea commodo consequat. Duis aute irure dolor in reprehenderit in voluptate velit esse cillum dolore eu fugiat nulla pariatur. Excepteur sint occaecat cupidatat non proident, sunt in culpa qui officia deserunt mollit anim id est laborum.<br/>Sed ut perspiciatis unde omnis iste natus error sit voluptatem accusantium doloremque laudantium, totam rem aperiam, eaque ipsa quae ab illo inventore veritatis et quasi architecto beatae vitae dicta sunt explicabo. Nemo enim ipsam voluptatem quia voluptas sit aspernatur aut odit aut fugit, sed quia consequuntur magni dolores eos qui ratione voluptatem sequi nesciunt. Neque porro quisquam est, qui dolorem ipsum quia dolor sit amet, consectetur, adipisci velit, sed quia non numquam eius modi tempora incidunt ut labore et dolore magnam aliquam quaerat voluptatem. Ut enim ad minima veniam, quis nostrum exercitationem ullam corporis suscipit laboriosam, nisi ut aliquid ex ea commodi consequatur? Quis autem vel eum iure reprehenderit qui in ea voluptate velit esse quam nihil molestiae consequatur, vel illum qui dolorem eum fugiat quo voluptas nulla pariatur."</des>
	</dat>
	
	<dat date="June 2020" thumb="png3c/image/sm2.jpg" link="http://demo.com" image="png3c/image/img2.jpg" path="dat/Videos/FLVvideo.flv" type="video">
		<title>VIDEO</title>
		<h1>NEMO ENIM IPSAM</h1>
		<h2>AD MINIMA VENIAM ES</h2>
		<des>Consectetur adipisicing elit, sed do eiusmod tempor incididunt ut labore et dolore magna aliqua. Ut enim ad minim veniam, quis nostrud exercitation ullamco laboris nisi ut aliquip ex ea commodo consequat. Duis aute irure dolor in reprehenderit in voluptate velit esse cillum dolore eu fugiat nulla pariatur. Excepteur sint occaecat cupidatat non proident, sunt in culpa qui officia deserunt mollit anim id est laborum.</des>
	</dat>
	
	<dat date="July 2020" thumb="png3c/image/sm3.jpg" link="http://demo.com" image="png3c/image/img1.jpg" path="paperSub/image/big/t1.png" type="image">
		<title>Brend new hybride car</title>
		<h1>NOSTRUM QUIS</h1>
		<h2>AMET DO SITAMET</h2>
		<des>Nemo enim ipsam voluptatem quia voluptas sit aspernatur aut odit aut fugit, sed quia consequuntur magni dolores eos qui ratione voluptatem sequi nesciunt. Neque porro quisquam est, qui dolorem ipsum quia dolor sit amet, consectetur, adipisci velit, sed quia non numquam eius modi tempora incidunt ut labore et dolore magnam aliquam quaerat voluptatem. Ut enim ad minima veniam, quis nostrum exercitationem ullam corporis suscipit laboriosam, nisi ut aliquid ex ea commodi consequatur? Quis autem vel eum iure reprehenderit qui in ea voluptate velit esse quam nihil molestiae consequatur, vel illum qui dolorem eum fugiat quo voluptas nulla pariatur."</des>
	</dat>
	
	<dat date="August 2020" thumb="png3c/image/sm4.jpg" link="http://demo.com" image="png3c/image/img2.jpg" path="dat/Videos/FLVvideo.flv" type="video">
		<title>VIDEO</title>
		<h1>ENIM NATUS</h1>
		<h2>AMET DO SITAMET</h2>
		<des>Sed ut perspiciatis unde omnis iste natus error sit voluptatem accusantium doloremque laudantium, totam rem aperiam, eaque ipsa quae ab illo inventore veritatis et quasi architecto beatae vitae dicta sunt explicabo. Nemo enim ipsam voluptatem quia voluptas sit aspernatur aut odit aut fugit, sed quia consequuntur magni dolores eos qui ratione voluptatem sequi nesciunt. Neque porro quisquam est, qui dolorem ipsum quia dolor sit amet, consectetur, adipisci velit, sed quia non numquam eius modi tempora incidunt ut labore et dolore magnam aliquam quaerat voluptatem. Ut enim ad minima veniam, quis nostrum exercitationem ullam corporis suscipit laboriosam, nisi ut aliquid ex ea commodi consequatur? Quis autem vel eum iure reprehenderit qui in ea voluptate velit esse quam nihil molestiae consequatur, vel illum qui dolorem eum fugiat quo voluptas nulla pariatur." </des>
	</dat>
	<dat date="August 2020" thumb="png3c/image/sm5.jpg" link="http://demo.com" image="png3c/image/img2.jpg" path="dat/Videos/FLVvideo.flv" type="video">
		<title>New powerfull motorbike</title>
		<h1>ENIM NATUS</h1>
		<h2>AMET DO SITAMET</h2>
		<des>Sed ut perspiciatis unde omnis iste natus error sit voluptatem accusantium doloremque laudantium, totam rem aperiam, eaque ipsa quae ab illo inventore veritatis et quasi architecto beatae vitae dicta sunt explicabo. Nemo enim ipsam voluptatem quia voluptas sit aspernatur aut odit aut fugit, sed quia consequuntur magni dolores eos qui ratione voluptatem sequi nesciunt. Neque porro quisquam est, qui dolorem ipsum quia dolor sit amet, consectetur, adipisci velit, sed quia non numquam eius modi tempora incidunt ut labore et dolore magnam aliquam quaerat voluptatem. Ut enim ad minima veniam, quis nostrum exercitationem ullam corporis suscipit laboriosam, nisi ut aliquid ex ea commodi consequatur? Quis autem vel eum iure reprehenderit qui in ea voluptate velit esse quam nihil molestiae consequatur, vel illum qui dolorem eum fugiat quo voluptas nulla pariatur." </des>
	</dat>
	<dat date="August 2020" thumb="png3c/image/sm6.jpg" link="http://demo.com" image="png3c/image/img2.jpg" path="dat/Videos/FLVvideo.flv" type="video">
		<title>VIDEO</title>
		<h1>ENIM NATUS</h1>
		<h2>AMET DO SITAMET</h2>
		<des>Sed ut perspiciatis unde omnis iste natus error sit voluptatem accusantium doloremque laudantium, totam rem aperiam, eaque ipsa quae ab illo inventore veritatis et quasi architecto beatae vitae dicta sunt explicabo. Nemo enim ipsam voluptatem quia voluptas sit aspernatur aut odit aut fugit, sed quia consequuntur magni dolores eos qui ratione voluptatem sequi nesciunt. Neque porro quisquam est, qui dolorem ipsum quia dolor sit amet, consectetur, adipisci velit, sed quia non numquam eius modi tempora incidunt ut labore et dolore magnam aliquam quaerat voluptatem. Ut enim ad minima veniam, quis nostrum exercitationem ullam corporis suscipit laboriosam, nisi ut aliquid ex ea commodi consequatur? Quis autem vel eum iure reprehenderit qui in ea voluptate velit esse quam nihil molestiae consequatur, vel illum qui dolorem eum fugiat quo voluptas nulla pariatur." </des>
	</dat>
	<dat date="May 2020" thumb="png3c/image/sm1.jpg" link="http://demo.com" image="png3c/image/img1.jpg" path="paperSub/image/big/t1.png" type="image">
		<title>Accusantium Doloremque</title>
		<h1>AKUSAKA</h1>
		<h2>WEB DESING COMPANY</h2>
		<des>Lorem ipsum dolor sit amet, consectetur adipisicing elit, sed do eiusmod tempor incididunt ut labore et dolore magna aliqua. Ut enim ad minim veniam, quis nostrud exercitation ullamco laboris nisi ut aliquip ex ea commodo consequat. Duis aute irure dolor in reprehenderit in voluptate velit esse cillum dolore eu fugiat nulla pariatur. Excepteur sint occaecat cupidatat non proident, sunt in culpa qui officia deserunt mollit anim id est laborum.<br/>Sed ut perspiciatis unde omnis iste natus error sit voluptatem accusantium doloremque laudantium, totam rem aperiam, eaque ipsa quae ab illo inventore veritatis et quasi architecto beatae vitae dicta sunt explicabo. Nemo enim ipsam voluptatem quia voluptas sit aspernatur aut odit aut fugit, sed quia consequuntur magni dolores eos qui ratione voluptatem sequi nesciunt. Neque porro quisquam est, qui dolorem ipsum quia dolor sit amet, consectetur, adipisci velit, sed quia non numquam eius modi tempora incidunt ut labore et dolore magnam aliquam quaerat voluptatem. Ut enim ad minima veniam, quis nostrum exercitationem ullam corporis suscipit laboriosam, nisi ut aliquid ex ea commodi consequatur? Quis autem vel eum iure reprehenderit qui in ea voluptate velit esse quam nihil molestiae consequatur, vel illum qui dolorem eum fugiat quo voluptas nulla pariatur."</des>
	</dat>
	
	<dat date="June 2020" thumb="png3c/image/sm2.jpg" link="http://demo.com" image="png3c/image/img2.jpg" path="dat/Videos/FLVvideo.flv" type="video">
		<title>VIDEO</title>
		<h1>NEMO ENIM IPSAM</h1>
		<h2>AD MINIMA VENIAM ES</h2>
		<des>Consectetur adipisicing elit, sed do eiusmod tempor incididunt ut labore et dolore magna aliqua. Ut enim ad minim veniam, quis nostrud exercitation ullamco laboris nisi ut aliquip ex ea commodo consequat. Duis aute irure dolor in reprehenderit in voluptate velit esse cillum dolore eu fugiat nulla pariatur. Excepteur sint occaecat cupidatat non proident, sunt in culpa qui officia deserunt mollit anim id est laborum.</des>
	</dat>
	
	<dat date="July 2020" thumb="png3c/image/sm3.jpg" link="http://demo.com" image="png3c/image/img1.jpg" path="paperSub/image/big/t1.png" type="image">
		<title>Brend new hybride car</title>
		<h1>NOSTRUM QUIS</h1>
		<h2>AMET DO SITAMET</h2>
		<des>Nemo enim ipsam voluptatem quia voluptas sit aspernatur aut odit aut fugit, sed quia consequuntur magni dolores eos qui ratione voluptatem sequi nesciunt. Neque porro quisquam est, qui dolorem ipsum quia dolor sit amet, consectetur, adipisci velit, sed quia non numquam eius modi tempora incidunt ut labore et dolore magnam aliquam quaerat voluptatem. Ut enim ad minima veniam, quis nostrum exercitationem ullam corporis suscipit laboriosam, nisi ut aliquid ex ea commodi consequatur? Quis autem vel eum iure reprehenderit qui in ea voluptate velit esse quam nihil molestiae consequatur, vel illum qui dolorem eum fugiat quo voluptas nulla pariatur."</des>
	</dat>
	
	<dat date="August 2020" thumb="png3c/image/sm4.jpg" link="http://demo.com" image="png3c/image/img2.jpg" path="dat/Videos/FLVvideo.flv" type="video">
		<title>VIDEO</title>
		<h1>ENIM NATUS</h1>
		<h2>AMET DO SITAMET</h2>
		<des>Sed ut perspiciatis unde omnis iste natus error sit voluptatem accusantium doloremque laudantium, totam rem aperiam, eaque ipsa quae ab illo inventore veritatis et quasi architecto beatae vitae dicta sunt explicabo. Nemo enim ipsam voluptatem quia voluptas sit aspernatur aut odit aut fugit, sed quia consequuntur magni dolores eos qui ratione voluptatem sequi nesciunt. Neque porro quisquam est, qui dolorem ipsum quia dolor sit amet, consectetur, adipisci velit, sed quia non numquam eius modi tempora incidunt ut labore et dolore magnam aliquam quaerat voluptatem. Ut enim ad minima veniam, quis nostrum exercitationem ullam corporis suscipit laboriosam, nisi ut aliquid ex ea commodi consequatur? Quis autem vel eum iure reprehenderit qui in ea voluptate velit esse quam nihil molestiae consequatur, vel illum qui dolorem eum fugiat quo voluptas nulla pariatur." </des>
	</dat>



	<dat date="August 2020" thumb="png3c/image/about.png" link="http://demo.com" image="png3c/image/img2.jpg" path="dat/Videos/FLVvideo.flv" type="video">
		<title>ABOUT</title>
		<h1>ENIM NATUS</h1>
		<h2>AMET DO SITAMET</h2>
		<des>Sed ut perspiciatis unde omnis iste natus error sit voluptatem accusantium doloremque laudantium, totam rem aperiam, eaque ipsa quae ab illo inventore veritatis et quasi architecto beatae vitae dicta sunt explicabo. Nemo enim ipsam voluptatem quia voluptas sit aspernatur aut odit aut fugit, sed quia consequuntur magni dolores eos qui ratione voluptatem sequi nesciunt. Neque porro quisquam est, qui dolorem ipsum quia dolor sit amet, consectetur, adipisci velit, sed quia non numquam eius modi tempora incidunt ut labore et dolore magnam aliquam quaerat voluptatem. Ut enim ad minima veniam, quis nostrum exercitationem ullam corporis suscipit laboriosam, nisi ut aliquid ex ea commodi consequatur? Quis autem vel eum iure reprehenderit qui in ea voluptate velit esse quam nihil molestiae consequatur, vel illum qui dolorem eum fugiat quo voluptas nulla pariatur." </des>
	</dat>
	<dat date="August 2020" thumb="png3c/image/contact.png" link="http://demo.com" image="png3c/image/img2.jpg" path="dat/Videos/FLVvideo.flv" type="video">
		<title>Great communication</title>
		<h1>ENIM NATUS</h1>
		<h2>AMET DO SITAMET</h2>
		<des><font size="22" color="#999999">Place, <font color="#CCCCCC"> color text</font>, links, emails, or nothing but text :o)</font><br /><br />You can also choose the font size easily.<br /><br /><font color="#FF0000">Excepteur:</font><br />Sint occaecat cupidatat<br /><font color="#FF0000">Email:</font><br /><a href="mailto:info@demo.com">info@demo.com</a><br /><br />Lorem ipsum dolor sit amet,  <font color="#FF0000"><a href="http://www.myflashxml.com" target="_blank"> XML Link </a></font>, consectetur adipisicing, <font color="#CCCCCC"> elit</font>.

" </des>
	</dat>
	

</Mashup>
