<Mashup bgImage="paperSub/image/bg.swf" pos="CC">
	<Folio title="" color="6E5B4B" >
<!-- ==================For Single - Direct================== -->
<!--			<dat title="consectetur adipisicing" thumb="paperSub/image/img.jpg" url="http://www.demo.com"  type="img" path="paperSub/image/BigImg.jpg">
				<des>Lorem ipsum dolor sit amet, consectetur adipisicing elit, sed do eiusmod tempor incididunt ut labore et dolore magna aliqua. Ut enim ad minim veniam, quis nostrud exercitation ullamco laboris nisi ut aliquip ex ea commodo consequat.<br/>Duis aute irure dolor in reprehenderit in voluptate velit esse cillum dolore eu fugiat nulla pariatur.<br/>Excepteur sint occaecat cupidatat non proident, sunt in culpa qui officia deserunt mollit anim id est laborum.</des>
			</dat>		 
<!-- ==================For Multi Sub Section================== -->

		<Category id="web" color="6E5B4B">
			<dat title="olor reprehenderit" thumb="paperSub/image/img2.jpg" url="http://www.demo.com">
				<des>Ssed do eiusmod tempor incididunt ut labore et dolore magna aliqua. Ut enim ad minim veniam, quis nostrud exercitation ullamco laboris nisi ut aliquip ex ea commodo consequat.<br/>Duis aute irure dolor in reprehenderit in voluptate velit esse cillum dolore eu fugiat nulla pariatur.</des>
					<thumbs>
					<dat thumb="paperSub/image/imgB.jpg" type="video" path="dat/Videos/FLVvideo.flv"/>
					<dat thumb="paperSub/image/imgB2.jpg" type="img" path="paperSub/image/big/t1.png"/>
					<dat thumb="paperSub/image/imgB.jpg" type="video" path="dat/Videos/FLVvideo.flv"/>
					<dat thumb="paperSub/image/imgB3.jpg" type="img"  path="paperSub/image/big/t1.png"/>
					<dat thumb="paperSub/image/imgB.jpg" type="video" path="dat/Videos/FLVvideo.flv"/>
					<dat thumb="paperSub/image/imgB2.jpg" type="img"  path="paperSub/image/big/t1.png"/>
				</thumbs>
			</dat>
			<!-- ====================================================== -->
			
			<dat title="architecto beatae" thumb="paperSub/image/img4.jpg" url="http://www.demo.com">
				<des>Adipisicing elit, sed do eiusmod tempor incididunt ut labore et dolore magna aliqua. Ut enim ad minim veniam, quis nostrud exercitation ullamco laboris nisi ut aliquip ex ea commodo consequat.<br/>Duis aute irure dolor in reprehenderit in voluptate velit esse cillum dolore eu fugiat nulla pariatur.<br/>Excepteur sint occaecat cupidatat non proident, sunt in culpa qui officia deserunt mollit anim id est laborum.</des>
				<thumbs>
					<dat thumb="paperSub/image/imgB2.jpg" type="img"  path="paperSub/image/big/t1.png"/>
					<dat thumb="paperSub/image/imgB.jpg" type="video" path="dat/Videos/FLVvideo.flv"/>
					<dat thumb="paperSub/image/imgB3.jpg" type="img"  path="paperSub/image/big/t1.png"/>
					<dat thumb="paperSub/image/imgB.jpg" type="video" path="dat/Videos/FLVvideo.flv"/>
					<dat thumb="paperSub/image/imgB2.jpg" type="img"  path="paperSub/image/big/t1.png"/>
				</thumbs>
			</dat>
			
			<dat title="porro quisquam" thumb="paperSub/image/img5.jpg" url="http://www.demo.com">
				<des>Sed do eiusmod tempor incididunt ut labore et dolore magna aliqua. Ut enim ad minim veniam, quis nostrud exercitation ullamco laboris nisi ut aliquip ex ea commodo consequat.<br/>Duis aute irure dolor in reprehenderit in voluptate velit esse cillum dolore eu fugiat nulla pariatur.<br/>Excepteur sint occaecat cupidatat non proident, sunt in culpa qui officia deserunt mollit anim id est laborum.</des>
				<thumbs>
					<dat thumb="paperSub/image/imgB.jpg" type="img"  path="paperSub/image/big/t1.png"/>
					<dat thumb="paperSub/image/imgB2.jpg" type="video" path="dat/Videos/FLVvideo.flv"/>
					<dat thumb="paperSub/image/imgB3.jpg" type="img"  path="paperSub/image/big/t1.png"/>
					<dat thumb="paperSub/image/imgB.jpg" type="img"  path="paperSub/image/big/t1.png"/>
					<dat thumb="paperSub/image/imgB2.jpg" type="video" path="dat/Videos/FLVvideo.flv"/>
					<dat thumb="paperSub/image/imgB3.jpg" type="img"  path="paperSub/image/big/t1.png"/>
					<dat thumb="paperSub/image/imgB.jpg" type="video" path="dat/Videos/FLVvideo.flv"/>
					<dat thumb="paperSub/image/imgB2.jpg" type="img"  path="paperSub/image/big/t1.png"/>
					<dat thumb="paperSub/image/imgB.jpg" type="video" path="dat/Videos/FLVvideo.flv"/>
					<dat thumb="paperSub/image/imgB3.jpg" type="img"  path="paperSub/image/big/t1.png"/>
					<dat thumb="paperSub/image/imgB.jpg" type="video" path="dat/Videos/FLVvideo.flv"/>
					<dat thumb="paperSub/image/imgB2.jpg" type="img"  path="paperSub/image/big/t1.png"/>
				</thumbs>
			</dat>
			
			<dat title="quaerat voluptatem" thumb="paperSub/image/img.jpg" url="http://www.demo.com">
				<des>Tempor incididunt ut labore et dolore magna aliqua. Ut enim ad minim veniam, quis nostrud exercitation ullamco laboris nisi ut aliquip ex ea commodo consequat.<br/>Duis aute irure dolor in reprehenderit in voluptate velit esse cillum dolore eu fugiat nulla pariatur.<br/>Excepteur sint occaecat cupidatat non proident, sunt in culpa qui officia deserunt mollit anim id est laborum.</des>
				<thumbs>
					<dat thumb="paperSub/image/imgB.jpg" type="img"  path="paperSub/image/big/t1.png"/>
					<dat thumb="paperSub/image/imgB2.jpg" type="video" path="dat/Videos/FLVvideo.flv"/>
					<dat thumb="paperSub/image/imgB3.jpg" type="img"  path="paperSub/image/big/t1.png"/>
					<dat thumb="paperSub/image/imgB.jpg" type="img"  path="paperSub/image/big/t1.png"/>
					<dat thumb="paperSub/image/imgB2.jpg" type="video" path="dat/Videos/FLVvideo.flv"/>
					<dat thumb="paperSub/image/imgB3.jpg" type="img"  path="paperSub/image/big/t1.png"/>
					<dat thumb="paperSub/image/imgB.jpg" type="video" path="dat/Videos/FLVvideo.flv"/>
					<dat thumb="paperSub/image/imgB2.jpg" type="img"  path="paperSub/image/big/t1.png"/>
					<dat thumb="paperSub/image/imgB.jpg" type="video" path="dat/Videos/FLVvideo.flv"/>
					<dat thumb="paperSub/image/imgB3.jpg" type="img"  path="paperSub/image/big/t1.png"/>
					<dat thumb="paperSub/image/imgB.jpg" type="video" path="dat/Videos/FLVvideo.flv"/>
					<dat thumb="paperSub/image/imgB2.jpg" type="img"  path="paperSub/image/big/t1.png"/>
				</thumbs>
			</dat>
			
			<dat title="olor reprehenderit" thumb="paperSub/image/img5.jpg" url="http://www.demo.com">
				<des>Ssed do eiusmod tempor incididunt ut labore et dolore magna aliqua. Ut enim ad minim veniam, quis nostrud exercitation ullamco laboris nisi ut aliquip ex ea commodo consequat.<br/>Duis aute irure dolor in reprehenderit in voluptate velit esse cillum dolore eu fugiat nulla pariatur.</des>
				<thumbs>
					<dat thumb="paperSub/image/imgB.jpg" type="img"  path="paperSub/image/big/t1.png"/>
					<dat thumb="paperSub/image/imgB2.jpg" type="video" path="dat/Videos/FLVvideo.flv"/>
					<dat thumb="paperSub/image/imgB3.jpg" type="img"  path="paperSub/image/big/t1.png"/>
					<dat thumb="paperSub/image/imgB.jpg" type="img"  path="paperSub/image/big/t1.png"/>
					<dat thumb="paperSub/image/imgB2.jpg" type="video" path="dat/Videos/FLVvideo.flv"/>
					<dat thumb="paperSub/image/imgB3.jpg" type="img"  path="paperSub/image/big/t1.png"/>
					<dat thumb="paperSub/image/imgB.jpg" type="video" path="dat/Videos/FLVvideo.flv"/>
					<dat thumb="paperSub/image/imgB2.jpg" type="img"  path="paperSub/image/big/t1.png"/>
					<dat thumb="paperSub/image/imgB.jpg" type="video" path="dat/Videos/FLVvideo.flv"/>
					<dat thumb="paperSub/image/imgB3.jpg" type="img"  path="paperSub/image/big/t1.png"/>
					<dat thumb="paperSub/image/imgB.jpg" type="video" path="dat/Videos/FLVvideo.flv"/>
					<dat thumb="paperSub/image/imgB2.jpg" type="img"  path="paperSub/image/big/t1.png"/>
				</thumbs>
			</dat>
			
			<dat title="architecto beatae" thumb="paperSub/image/img3.jpg" url="http://www.demo.com">
				<des>Adipisicing elit, sed do eiusmod tempor incididunt ut labore et dolore magna aliqua. Ut enim ad minim veniam, quis nostrud exercitation ullamco laboris nisi ut aliquip ex ea commodo consequat.<br/>Duis aute irure dolor in reprehenderit in voluptate velit esse cillum dolore eu fugiat nulla pariatur.<br/>Excepteur sint occaecat cupidatat non proident, sunt in culpa qui officia deserunt mollit anim id est laborum.</des>
				<thumbs>
					<dat thumb="paperSub/image/imgB.jpg" type="img"  path="paperSub/image/big/t1.png"/>
					<dat thumb="paperSub/image/imgB2.jpg" type="video" path="dat/Videos/FLVvideo.flv"/>
					<dat thumb="paperSub/image/imgB3.jpg" type="img"  path="paperSub/image/big/t1.png"/>
					<dat thumb="paperSub/image/imgB.jpg" type="img"  path="paperSub/image/big/t1.png"/>
					<dat thumb="paperSub/image/imgB2.jpg" type="video" path="dat/Videos/FLVvideo.flv"/>
					<dat thumb="paperSub/image/imgB3.jpg" type="img"  path="paperSub/image/big/t1.png"/>
					<dat thumb="paperSub/image/imgB.jpg" type="video" path="dat/Videos/FLVvideo.flv"/>
					<dat thumb="paperSub/image/imgB2.jpg" type="img"  path="paperSub/image/big/t1.png"/>
					<dat thumb="paperSub/image/imgB.jpg" type="video" path="dat/Videos/FLVvideo.flv"/>
					<dat thumb="paperSub/image/imgB3.jpg" type="img"  path="paperSub/image/big/t1.png"/>
					<dat thumb="paperSub/image/imgB.jpg" type="video" path="dat/Videos/FLVvideo.flv"/>
					<dat thumb="paperSub/image/imgB2.jpg" type="img"  path="paperSub/image/big/t1.png"/>
				</thumbs>
			</dat>
		</Category>
	<!-- ========================MOTION==================== -->
		<Category id="motion" color="D62C46">
			<dat title="porro quisquam" thumb="paperSub/image/img4.jpg" url="http://www.demo.com">
				<des>Sed do eiusmod tempor incididunt ut labore et dolore magna aliqua. Ut enim ad minim veniam, quis nostrud exercitation ullamco laboris nisi ut aliquip ex ea commodo consequat.<br/>Duis aute irure dolor in reprehenderit in voluptate velit esse cillum dolore eu fugiat nulla pariatur.<br/>Excepteur sint occaecat cupidatat non proident, sunt in culpa qui officia deserunt mollit anim id est laborum.</des>
				<thumbs>
					<dat thumb="paperSub/image/imgB.jpg" type="img"  path="paperSub/image/big/t1.png"/>
					<dat thumb="paperSub/image/imgB2.jpg" type="video" path="dat/Videos/FLVvideo.flv"/>
					<dat thumb="paperSub/image/imgB3.jpg" type="img"  path="paperSub/image/big/t1.png"/>
					<dat thumb="paperSub/image/imgB.jpg" type="img"  path="paperSub/image/big/t1.png"/>
					<dat thumb="paperSub/image/imgB2.jpg" type="video" path="dat/Videos/FLVvideo.flv"/>
					<dat thumb="paperSub/image/imgB3.jpg" type="img"  path="paperSub/image/big/t1.png"/>
					<dat thumb="paperSub/image/imgB.jpg" type="video" path="dat/Videos/FLVvideo.flv"/>
					<dat thumb="paperSub/image/imgB2.jpg" type="img"  path="paperSub/image/big/t1.png"/>
					<dat thumb="paperSub/image/imgB.jpg" type="video" path="dat/Videos/FLVvideo.flv"/>
					<dat thumb="paperSub/image/imgB3.jpg" type="img"  path="paperSub/image/big/t1.png"/>
					<dat thumb="paperSub/image/imgB.jpg" type="video" path="dat/Videos/FLVvideo.flv"/>
					<dat thumb="paperSub/image/imgB2.jpg" type="img"  path="paperSub/image/big/t1.png"/>
				</thumbs>
			</dat>
			
			<dat title="quaerat voluptatem" thumb="paperSub/image/img3.jpg" url="http://www.demo.com">
				<des>Tempor incididunt ut labore et dolore magna aliqua. Ut enim ad minim veniam, quis nostrud exercitation ullamco laboris nisi ut aliquip ex ea commodo consequat.<br/>Duis aute irure dolor in reprehenderit in voluptate velit esse cillum dolore eu fugiat nulla pariatur.<br/>Excepteur sint occaecat cupidatat non proident, sunt in culpa qui officia deserunt mollit anim id est laborum.</des>
				<thumbs>
					<dat thumb="paperSub/image/imgB.jpg" type="img"  path="paperSub/image/big/t1.png"/>
					<dat thumb="paperSub/image/imgB2.jpg" type="video" path="dat/Videos/FLVvideo.flv"/>
					<dat thumb="paperSub/image/imgB3.jpg" type="img"  path="paperSub/image/big/t1.png"/>
					<dat thumb="paperSub/image/imgB.jpg" type="img"  path="paperSub/image/big/t1.png"/>
					<dat thumb="paperSub/image/imgB2.jpg" type="video" path="dat/Videos/FLVvideo.flv"/>
					<dat thumb="paperSub/image/imgB3.jpg" type="img"  path="paperSub/image/big/t1.png"/>
					<dat thumb="paperSub/image/imgB.jpg" type="video" path="dat/Videos/FLVvideo.flv"/>
					<dat thumb="paperSub/image/imgB2.jpg" type="img"  path="paperSub/image/big/t1.png"/>
					<dat thumb="paperSub/image/imgB.jpg" type="video" path="dat/Videos/FLVvideo.flv"/>
					<dat thumb="paperSub/image/imgB3.jpg" type="img"  path="paperSub/image/big/t1.png"/>
					<dat thumb="paperSub/image/imgB.jpg" type="video" path="dat/Videos/FLVvideo.flv"/>
					<dat thumb="paperSub/image/imgB2.jpg" type="img"  path="paperSub/image/big/t1.png"/>
				</thumbs>
			</dat>
			
			<dat title="olor reprehenderit" thumb="paperSub/image/img.jpg" url="http://www.demo.com">
				<des>Ssed do eiusmod tempor incididunt ut labore et dolore magna aliqua. Ut enim ad minim veniam, quis nostrud exercitation ullamco laboris nisi ut aliquip ex ea commodo consequat.<br/>Duis aute irure dolor in reprehenderit in voluptate velit esse cillum dolore eu fugiat nulla pariatur.</des>
				<thumbs>
					<dat thumb="paperSub/image/imgB.jpg" type="img"  path="paperSub/image/big/t1.png"/>
					<dat thumb="paperSub/image/imgB2.jpg" type="video" path="dat/Videos/FLVvideo.flv"/>
					<dat thumb="paperSub/image/imgB3.jpg" type="img"  path="paperSub/image/big/t1.png"/>
					<dat thumb="paperSub/image/imgB.jpg" type="img"  path="paperSub/image/big/t1.png"/>
					<dat thumb="paperSub/image/imgB2.jpg" type="video" path="dat/Videos/FLVvideo.flv"/>
					<dat thumb="paperSub/image/imgB3.jpg" type="img"  path="paperSub/image/big/t1.png"/>
					<dat thumb="paperSub/image/imgB.jpg" type="video" path="dat/Videos/FLVvideo.flv"/>
					<dat thumb="paperSub/image/imgB2.jpg" type="img"  path="paperSub/image/big/t1.png"/>
					<dat thumb="paperSub/image/imgB.jpg" type="video" path="dat/Videos/FLVvideo.flv"/>
					<dat thumb="paperSub/image/imgB3.jpg" type="img"  path="paperSub/image/big/t1.png"/>
					<dat thumb="paperSub/image/imgB.jpg" type="video" path="dat/Videos/FLVvideo.flv"/>
					<dat thumb="paperSub/image/imgB2.jpg" type="img"  path="paperSub/image/big/t1.png"/>
				</thumbs>
			</dat>
				<dat title="architecto beatae" thumb="paperSub/image/img4.jpg" url="http://www.demo.com">
				<des>Adipisicing elit, sed do eiusmod tempor incididunt ut labore et dolore magna aliqua. Ut enim ad minim veniam, quis nostrud exercitation ullamco laboris nisi ut aliquip ex ea commodo consequat.<br/>Duis aute irure dolor in reprehenderit in voluptate velit esse cillum dolore eu fugiat nulla pariatur.<br/>Excepteur sint occaecat cupidatat non proident, sunt in culpa qui officia deserunt mollit anim id est laborum.</des>
				<thumbs>
					<dat thumb="paperSub/image/imgB.jpg" type="img"  path="paperSub/image/big/t1.png"/>
					<dat thumb="paperSub/image/imgB2.jpg" type="video" path="dat/Videos/FLVvideo.flv"/>
					<dat thumb="paperSub/image/imgB3.jpg" type="img"  path="paperSub/image/big/t1.png"/>
					<dat thumb="paperSub/image/imgB.jpg" type="img"  path="paperSub/image/big/t1.png"/>
					<dat thumb="paperSub/image/imgB2.jpg" type="video" path="dat/Videos/FLVvideo.flv"/>
					<dat thumb="paperSub/image/imgB3.jpg" type="img"  path="paperSub/image/big/t1.png"/>
					<dat thumb="paperSub/image/imgB.jpg" type="video" path="dat/Videos/FLVvideo.flv"/>
					<dat thumb="paperSub/image/imgB2.jpg" type="img"  path="paperSub/image/big/t1.png"/>
					<dat thumb="paperSub/image/imgB.jpg" type="video" path="dat/Videos/FLVvideo.flv"/>
					<dat thumb="paperSub/image/imgB3.jpg" type="img"  path="paperSub/image/big/t1.png"/>
					<dat thumb="paperSub/image/imgB.jpg" type="video" path="dat/Videos/FLVvideo.flv"/>
					<dat thumb="paperSub/image/imgB2.jpg" type="img"  path="paperSub/image/big/t1.png"/>
				</thumbs>
			</dat>
			
			<dat title="porro quisquam" thumb="paperSub/image/img5.jpg" url="http://www.demo.com">
				<des>Sed do eiusmod tempor incididunt ut labore et dolore magna aliqua. Ut enim ad minim veniam, quis nostrud exercitation ullamco laboris nisi ut aliquip ex ea commodo consequat.<br/>Duis aute irure dolor in reprehenderit in voluptate velit esse cillum dolore eu fugiat nulla pariatur.<br/>Excepteur sint occaecat cupidatat non proident, sunt in culpa qui officia deserunt mollit anim id est laborum.</des>
				<thumbs>
					<dat thumb="paperSub/image/imgB.jpg" type="img"  path="paperSub/image/big/t1.png"/>
					<dat thumb="paperSub/image/imgB2.jpg" type="video" path="dat/Videos/FLVvideo.flv"/>
					<dat thumb="paperSub/image/imgB3.jpg" type="img"  path="paperSub/image/big/t1.png"/>
					<dat thumb="paperSub/image/imgB.jpg" type="img"  path="paperSub/image/big/t1.png"/>
					<dat thumb="paperSub/image/imgB2.jpg" type="video" path="dat/Videos/FLVvideo.flv"/>
					<dat thumb="paperSub/image/imgB3.jpg" type="img"  path="paperSub/image/big/t1.png"/>
					<dat thumb="paperSub/image/imgB.jpg" type="video" path="dat/Videos/FLVvideo.flv"/>
					<dat thumb="paperSub/image/imgB2.jpg" type="img"  path="paperSub/image/big/t1.png"/>
					<dat thumb="paperSub/image/imgB.jpg" type="video" path="dat/Videos/FLVvideo.flv"/>
					<dat thumb="paperSub/image/imgB3.jpg" type="img"  path="paperSub/image/big/t1.png"/>
					<dat thumb="paperSub/image/imgB.jpg" type="video" path="dat/Videos/FLVvideo.flv"/>
					<dat thumb="paperSub/image/imgB2.jpg" type="img"  path="paperSub/image/big/t1.png"/>
				</thumbs>
			</dat>
			
			<dat title="quaerat voluptatem" thumb="paperSub/image/img.jpg" url="http://www.demo.com">
				<des>Tempor incididunt ut labore et dolore magna aliqua. Ut enim ad minim veniam, quis nostrud exercitation ullamco laboris nisi ut aliquip ex ea commodo consequat.<br/>Duis aute irure dolor in reprehenderit in voluptate velit esse cillum dolore eu fugiat nulla pariatur.<br/>Excepteur sint occaecat cupidatat non proident, sunt in culpa qui officia deserunt mollit anim id est laborum.</des>
				<thumbs>
					<dat thumb="paperSub/image/imgB.jpg" type="img"  path="paperSub/image/big/t1.png"/>
					<dat thumb="paperSub/image/imgB2.jpg" type="video" path="dat/Videos/FLVvideo.flv"/>
					<dat thumb="paperSub/image/imgB3.jpg" type="img"  path="paperSub/image/big/t1.png"/>
					<dat thumb="paperSub/image/imgB.jpg" type="img"  path="paperSub/image/big/t1.png"/>
					<dat thumb="paperSub/image/imgB2.jpg" type="video" path="dat/Videos/FLVvideo.flv"/>
					<dat thumb="paperSub/image/imgB3.jpg" type="img"  path="paperSub/image/big/t1.png"/>
					<dat thumb="paperSub/image/imgB.jpg" type="video" path="dat/Videos/FLVvideo.flv"/>
					<dat thumb="paperSub/image/imgB2.jpg" type="img"  path="paperSub/image/big/t1.png"/>
					<dat thumb="paperSub/image/imgB.jpg" type="video" path="dat/Videos/FLVvideo.flv"/>
					<dat thumb="paperSub/image/imgB3.jpg" type="img"  path="paperSub/image/big/t1.png"/>
					<dat thumb="paperSub/image/imgB.jpg" type="video" path="dat/Videos/FLVvideo.flv"/>
					<dat thumb="paperSub/image/imgB2.jpg" type="img"  path="paperSub/image/big/t1.png"/>
				</thumbs>
			</dat>
			
			<dat title="olor reprehenderit" thumb="paperSub/image/img3.jpg" url="http://www.demo.com">
				<des>Ssed do eiusmod tempor incididunt ut labore et dolore magna aliqua. Ut enim ad minim veniam, quis nostrud exercitation ullamco laboris nisi ut aliquip ex ea commodo consequat.<br/>Duis aute irure dolor in reprehenderit in voluptate velit esse cillum dolore eu fugiat nulla pariatur.</des>
				<thumbs>
					<dat thumb="paperSub/image/imgB.jpg" type="img"  path="paperSub/image/big/t1.png"/>
					<dat thumb="paperSub/image/imgB2.jpg" type="video" path="dat/Videos/FLVvideo.flv"/>
					<dat thumb="paperSub/image/imgB3.jpg" type="img"  path="paperSub/image/big/t1.png"/>
					<dat thumb="paperSub/image/imgB.jpg" type="img"  path="paperSub/image/big/t1.png"/>
					<dat thumb="paperSub/image/imgB2.jpg" type="video" path="dat/Videos/FLVvideo.flv"/>
					<dat thumb="paperSub/image/imgB3.jpg" type="img"  path="paperSub/image/big/t1.png"/>
					<dat thumb="paperSub/image/imgB.jpg" type="video" path="dat/Videos/FLVvideo.flv"/>
					<dat thumb="paperSub/image/imgB2.jpg" type="img"  path="paperSub/image/big/t1.png"/>
					<dat thumb="paperSub/image/imgB.jpg" type="video" path="dat/Videos/FLVvideo.flv"/>
					<dat thumb="paperSub/image/imgB3.jpg" type="img"  path="paperSub/image/big/t1.png"/>
					<dat thumb="paperSub/image/imgB.jpg" type="video" path="dat/Videos/FLVvideo.flv"/>
					<dat thumb="paperSub/image/imgB2.jpg" type="img"  path="paperSub/image/big/t1.png"/>
				</thumbs>
			</dat>
	</Category>
	<!-- ========================Print==================== -->
	<Category id="print" color="ffff00">
			<dat title="porro quisquam" thumb="paperSub/image/img5.jpg" url="http://www.demo.com">
				<des>Sed do eiusmod tempor incididunt ut labore et dolore magna aliqua. Ut enim ad minim veniam, quis nostrud exercitation ullamco laboris nisi ut aliquip ex ea commodo consequat.<br/>Duis aute irure dolor in reprehenderit in voluptate velit esse cillum dolore eu fugiat nulla pariatur.<br/>Excepteur sint occaecat cupidatat non proident, sunt in culpa qui officia deserunt mollit anim id est laborum.</des>
				<thumbs>
					<dat thumb="paperSub/image/imgB.jpg" type="img"  path="paperSub/image/big/t1.png"/>
					<dat thumb="paperSub/image/imgB2.jpg" type="video" path="dat/Videos/FLVvideo.flv"/>
					<dat thumb="paperSub/image/imgB3.jpg" type="img"  path="paperSub/image/big/t1.png"/>
					<dat thumb="paperSub/image/imgB.jpg" type="img"  path="paperSub/image/big/t1.png"/>
					<dat thumb="paperSub/image/imgB2.jpg" type="video" path="dat/Videos/FLVvideo.flv"/>
					<dat thumb="paperSub/image/imgB3.jpg" type="img"  path="paperSub/image/big/t1.png"/>
					<dat thumb="paperSub/image/imgB.jpg" type="video" path="dat/Videos/FLVvideo.flv"/>
					<dat thumb="paperSub/image/imgB2.jpg" type="img"  path="paperSub/image/big/t1.png"/>
					<dat thumb="paperSub/image/imgB.jpg" type="video" path="dat/Videos/FLVvideo.flv"/>
					<dat thumb="paperSub/image/imgB3.jpg" type="img"  path="paperSub/image/big/t1.png"/>
					<dat thumb="paperSub/image/imgB.jpg" type="video" path="dat/Videos/FLVvideo.flv"/>
					<dat thumb="paperSub/image/imgB2.jpg" type="img"  path="paperSub/image/big/t1.png"/>
				</thumbs>
			</dat>
			
			<dat title="quaerat voluptatem" thumb="paperSub/image/img.jpg" url="http://www.demo.com">
				<des>Tempor incididunt ut labore et dolore magna aliqua. Ut enim ad minim veniam, quis nostrud exercitation ullamco laboris nisi ut aliquip ex ea commodo consequat.<br/>Duis aute irure dolor in reprehenderit in voluptate velit esse cillum dolore eu fugiat nulla pariatur.<br/>Excepteur sint occaecat cupidatat non proident, sunt in culpa qui officia deserunt mollit anim id est laborum.</des>
				<thumbs>
					<dat thumb="paperSub/image/imgB.jpg" type="img"  path="paperSub/image/big/t1.png"/>
					<dat thumb="paperSub/image/imgB2.jpg" type="video" path="dat/Videos/FLVvideo.flv"/>
					<dat thumb="paperSub/image/imgB3.jpg" type="img"  path="paperSub/image/big/t1.png"/>
					<dat thumb="paperSub/image/imgB.jpg" type="img"  path="paperSub/image/big/t1.png"/>
					<dat thumb="paperSub/image/imgB2.jpg" type="video" path="dat/Videos/FLVvideo.flv"/>
					<dat thumb="paperSub/image/imgB3.jpg" type="img"  path="paperSub/image/big/t1.png"/>
					<dat thumb="paperSub/image/imgB.jpg" type="video" path="dat/Videos/FLVvideo.flv"/>
					<dat thumb="paperSub/image/imgB2.jpg" type="img"  path="paperSub/image/big/t1.png"/>
					<dat thumb="paperSub/image/imgB.jpg" type="video" path="dat/Videos/FLVvideo.flv"/>
					<dat thumb="paperSub/image/imgB3.jpg" type="img"  path="paperSub/image/big/t1.png"/>
					<dat thumb="paperSub/image/imgB.jpg" type="video" path="dat/Videos/FLVvideo.flv"/>
					<dat thumb="paperSub/image/imgB2.jpg" type="img"  path="paperSub/image/big/t1.png"/>
				</thumbs>
			</dat>
			
			<dat title="olor reprehenderit" thumb="paperSub/image/img3.jpg" url="http://www.demo.com">
				<des>Ssed do eiusmod tempor incididunt ut labore et dolore magna aliqua. Ut enim ad minim veniam, quis nostrud exercitation ullamco laboris nisi ut aliquip ex ea commodo consequat.<br/>Duis aute irure dolor in reprehenderit in voluptate velit esse cillum dolore eu fugiat nulla pariatur.</des>
				<thumbs>
					<dat thumb="paperSub/image/imgB.jpg" type="img"  path="paperSub/image/big/t1.png"/>
					<dat thumb="paperSub/image/imgB2.jpg" type="video" path="dat/Videos/FLVvideo.flv"/>
					<dat thumb="paperSub/image/imgB3.jpg" type="img"  path="paperSub/image/big/t1.png"/>
					<dat thumb="paperSub/image/imgB.jpg" type="img"  path="paperSub/image/big/t1.png"/>
					<dat thumb="paperSub/image/imgB2.jpg" type="video" path="dat/Videos/FLVvideo.flv"/>
					<dat thumb="paperSub/image/imgB3.jpg" type="img"  path="paperSub/image/big/t1.png"/>
					<dat thumb="paperSub/image/imgB.jpg" type="video" path="dat/Videos/FLVvideo.flv"/>
					<dat thumb="paperSub/image/imgB2.jpg" type="img"  path="paperSub/image/big/t1.png"/>
					<dat thumb="paperSub/image/imgB.jpg" type="video" path="dat/Videos/FLVvideo.flv"/>
					<dat thumb="paperSub/image/imgB3.jpg" type="img"  path="paperSub/image/big/t1.png"/>
					<dat thumb="paperSub/image/imgB.jpg" type="video" path="dat/Videos/FLVvideo.flv"/>
					<dat thumb="paperSub/image/imgB2.jpg" type="img"  path="paperSub/image/big/t1.png"/>
				</thumbs>
			</dat>
				<dat title="architecto beatae" thumb="paperSub/image/img4.jpg" url="http://www.demo.com">
				<des>Adipisicing elit, sed do eiusmod tempor incididunt ut labore et dolore magna aliqua. Ut enim ad minim veniam, quis nostrud exercitation ullamco laboris nisi ut aliquip ex ea commodo consequat.<br/>Duis aute irure dolor in reprehenderit in voluptate velit esse cillum dolore eu fugiat nulla pariatur.<br/>Excepteur sint occaecat cupidatat non proident, sunt in culpa qui officia deserunt mollit anim id est laborum.</des>
				<thumbs>
					<dat thumb="paperSub/image/imgB.jpg" type="img"  path="paperSub/image/big/t1.png"/>
					<dat thumb="paperSub/image/imgB2.jpg" type="video" path="dat/Videos/FLVvideo.flv"/>
					<dat thumb="paperSub/image/imgB3.jpg" type="img"  path="paperSub/image/big/t1.png"/>
					<dat thumb="paperSub/image/imgB.jpg" type="img"  path="paperSub/image/big/t1.png"/>
					<dat thumb="paperSub/image/imgB2.jpg" type="video" path="dat/Videos/FLVvideo.flv"/>
					<dat thumb="paperSub/image/imgB3.jpg" type="img"  path="paperSub/image/big/t1.png"/>
					<dat thumb="paperSub/image/imgB.jpg" type="video" path="dat/Videos/FLVvideo.flv"/>
					<dat thumb="paperSub/image/imgB2.jpg" type="img"  path="paperSub/image/big/t1.png"/>
					<dat thumb="paperSub/image/imgB.jpg" type="video" path="dat/Videos/FLVvideo.flv"/>
					<dat thumb="paperSub/image/imgB3.jpg" type="img"  path="paperSub/image/big/t1.png"/>
					<dat thumb="paperSub/image/imgB.jpg" type="video" path="dat/Videos/FLVvideo.flv"/>
					<dat thumb="paperSub/image/imgB2.jpg" type="img"  path="paperSub/image/big/t1.png"/>
				</thumbs>
			</dat>
			
			<dat title="porro quisquam" thumb="paperSub/image/img5.jpg" url="http://www.demo.com">
				<des>Sed do eiusmod tempor incididunt ut labore et dolore magna aliqua. Ut enim ad minim veniam, quis nostrud exercitation ullamco laboris nisi ut aliquip ex ea commodo consequat.<br/>Duis aute irure dolor in reprehenderit in voluptate velit esse cillum dolore eu fugiat nulla pariatur.<br/>Excepteur sint occaecat cupidatat non proident, sunt in culpa qui officia deserunt mollit anim id est laborum.</des>
				<thumbs>
					<dat thumb="paperSub/image/imgB.jpg" type="img"  path="paperSub/image/big/t1.png"/>
					<dat thumb="paperSub/image/imgB2.jpg" type="video" path="dat/Videos/FLVvideo.flv"/>
					<dat thumb="paperSub/image/imgB3.jpg" type="img"  path="paperSub/image/big/t1.png"/>
					<dat thumb="paperSub/image/imgB.jpg" type="img"  path="paperSub/image/big/t1.png"/>
					<dat thumb="paperSub/image/imgB2.jpg" type="video" path="dat/Videos/FLVvideo.flv"/>
					<dat thumb="paperSub/image/imgB3.jpg" type="img"  path="paperSub/image/big/t1.png"/>
					<dat thumb="paperSub/image/imgB.jpg" type="video" path="dat/Videos/FLVvideo.flv"/>
					<dat thumb="paperSub/image/imgB2.jpg" type="img"  path="paperSub/image/big/t1.png"/>
					<dat thumb="paperSub/image/imgB.jpg" type="video" path="dat/Videos/FLVvideo.flv"/>
					<dat thumb="paperSub/image/imgB3.jpg" type="img"  path="paperSub/image/big/t1.png"/>
					<dat thumb="paperSub/image/imgB.jpg" type="video" path="dat/Videos/FLVvideo.flv"/>
					<dat thumb="paperSub/image/imgB2.jpg" type="img"  path="paperSub/image/big/t1.png"/>
				</thumbs>
			</dat>
			
			<dat title="quaerat voluptatem" thumb="paperSub/image/img.jpg" url="http://www.demo.com">
				<des>Tempor incididunt ut labore et dolore magna aliqua. Ut enim ad minim veniam, quis nostrud exercitation ullamco laboris nisi ut aliquip ex ea commodo consequat.<br/>Duis aute irure dolor in reprehenderit in voluptate velit esse cillum dolore eu fugiat nulla pariatur.<br/>Excepteur sint occaecat cupidatat non proident, sunt in culpa qui officia deserunt mollit anim id est laborum.</des>
				<thumbs>
					<dat thumb="paperSub/image/imgB.jpg" type="img"  path="paperSub/image/big/t1.png"/>
					<dat thumb="paperSub/image/imgB2.jpg" type="video" path="dat/Videos/FLVvideo.flv"/>
					<dat thumb="paperSub/image/imgB3.jpg" type="img"  path="paperSub/image/big/t1.png"/>
					<dat thumb="paperSub/image/imgB.jpg" type="img"  path="paperSub/image/big/t1.png"/>
					<dat thumb="paperSub/image/imgB2.jpg" type="video" path="dat/Videos/FLVvideo.flv"/>
					<dat thumb="paperSub/image/imgB3.jpg" type="img"  path="paperSub/image/big/t1.png"/>
					<dat thumb="paperSub/image/imgB.jpg" type="video" path="dat/Videos/FLVvideo.flv"/>
					<dat thumb="paperSub/image/imgB2.jpg" type="img"  path="paperSub/image/big/t1.png"/>
					<dat thumb="paperSub/image/imgB.jpg" type="video" path="dat/Videos/FLVvideo.flv"/>
					<dat thumb="paperSub/image/imgB3.jpg" type="img"  path="paperSub/image/big/t1.png"/>
					<dat thumb="paperSub/image/imgB.jpg" type="video" path="dat/Videos/FLVvideo.flv"/>
					<dat thumb="paperSub/image/imgB2.jpg" type="img"  path="paperSub/image/big/t1.png"/>
				</thumbs>
			</dat>
			
			<dat title="olor reprehenderit" thumb="paperSub/image/img3.jpg" url="http://www.demo.com">
				<des>Ssed do eiusmod tempor incididunt ut labore et dolore magna aliqua. Ut enim ad minim veniam, quis nostrud exercitation ullamco laboris nisi ut aliquip ex ea commodo consequat.<br/>Duis aute irure dolor in reprehenderit in voluptate velit esse cillum dolore eu fugiat nulla pariatur.</des>
				<thumbs>
					<dat thumb="paperSub/image/imgB.jpg" type="img"  path="paperSub/image/big/t1.png"/>
					<dat thumb="paperSub/image/imgB2.jpg" type="video" path="dat/Videos/FLVvideo.flv"/>
					<dat thumb="paperSub/image/imgB3.jpg" type="img"  path="paperSub/image/big/t1.png"/>
					<dat thumb="paperSub/image/imgB.jpg" type="img"  path="paperSub/image/big/t1.png"/>
					<dat thumb="paperSub/image/imgB2.jpg" type="video" path="dat/Videos/FLVvideo.flv"/>
					<dat thumb="paperSub/image/imgB3.jpg" type="img"  path="paperSub/image/big/t1.png"/>
					<dat thumb="paperSub/image/imgB.jpg" type="video" path="dat/Videos/FLVvideo.flv"/>
					<dat thumb="paperSub/image/imgB2.jpg" type="img"  path="paperSub/image/big/t1.png"/>
					<dat thumb="paperSub/image/imgB.jpg" type="video" path="dat/Videos/FLVvideo.flv"/>
					<dat thumb="paperSub/image/imgB3.jpg" type="img"  path="paperSub/image/big/t1.png"/>
					<dat thumb="paperSub/image/imgB.jpg" type="video" path="dat/Videos/FLVvideo.flv"/>
					<dat thumb="paperSub/image/imgB2.jpg" type="img"  path="paperSub/image/big/t1.png"/>
				</thumbs>
			</dat>
		</Category>
		<!-- ========================3D==================== -->
	<Category id="3D" color="A8A900">
			<dat title="porro quisquam" thumb="paperSub/image/img5.jpg" url="http://www.demo.com">
				<des>Sed do eiusmod tempor incididunt ut labore et dolore magna aliqua. Ut enim ad minim veniam, quis nostrud exercitation ullamco laboris nisi ut aliquip ex ea commodo consequat.<br/>Duis aute irure dolor in reprehenderit in voluptate velit esse cillum dolore eu fugiat nulla pariatur.<br/>Excepteur sint occaecat cupidatat non proident, sunt in culpa qui officia deserunt mollit anim id est laborum.</des>
				<thumbs>
					<dat thumb="paperSub/image/imgB.jpg" type="img"  path="paperSub/image/big/t1.png"/>
					<dat thumb="paperSub/image/imgB2.jpg" type="video" path="dat/Videos/FLVvideo.flv"/>
					<dat thumb="paperSub/image/imgB3.jpg" type="img"  path="paperSub/image/big/t1.png"/>
					<dat thumb="paperSub/image/imgB.jpg" type="img"  path="paperSub/image/big/t1.png"/>
					<dat thumb="paperSub/image/imgB2.jpg" type="video" path="dat/Videos/FLVvideo.flv"/>
					<dat thumb="paperSub/image/imgB3.jpg" type="img"  path="paperSub/image/big/t1.png"/>
					<dat thumb="paperSub/image/imgB.jpg" type="video" path="dat/Videos/FLVvideo.flv"/>
					<dat thumb="paperSub/image/imgB2.jpg" type="img"  path="paperSub/image/big/t1.png"/>
					<dat thumb="paperSub/image/imgB.jpg" type="video" path="dat/Videos/FLVvideo.flv"/>
					<dat thumb="paperSub/image/imgB3.jpg" type="img"  path="paperSub/image/big/t1.png"/>
					<dat thumb="paperSub/image/imgB.jpg" type="video" path="dat/Videos/FLVvideo.flv"/>
					<dat thumb="paperSub/image/imgB2.jpg" type="img"  path="paperSub/image/big/t1.png"/>
				</thumbs>
			</dat>
			
			<dat title="quaerat voluptatem" thumb="paperSub/image/img.jpg" url="http://www.demo.com">
				<des>Tempor incididunt ut labore et dolore magna aliqua. Ut enim ad minim veniam, quis nostrud exercitation ullamco laboris nisi ut aliquip ex ea commodo consequat.<br/>Duis aute irure dolor in reprehenderit in voluptate velit esse cillum dolore eu fugiat nulla pariatur.<br/>Excepteur sint occaecat cupidatat non proident, sunt in culpa qui officia deserunt mollit anim id est laborum.</des>
				<thumbs>
					<dat thumb="paperSub/image/imgB.jpg" type="img"  path="paperSub/image/big/t1.png"/>
					<dat thumb="paperSub/image/imgB2.jpg" type="video" path="dat/Videos/FLVvideo.flv"/>
					<dat thumb="paperSub/image/imgB3.jpg" type="img"  path="paperSub/image/big/t1.png"/>
					<dat thumb="paperSub/image/imgB.jpg" type="img"  path="paperSub/image/big/t1.png"/>
					<dat thumb="paperSub/image/imgB2.jpg" type="video" path="dat/Videos/FLVvideo.flv"/>
					<dat thumb="paperSub/image/imgB3.jpg" type="img"  path="paperSub/image/big/t1.png"/>
					<dat thumb="paperSub/image/imgB.jpg" type="video" path="dat/Videos/FLVvideo.flv"/>
					<dat thumb="paperSub/image/imgB2.jpg" type="img"  path="paperSub/image/big/t1.png"/>
					<dat thumb="paperSub/image/imgB.jpg" type="video" path="dat/Videos/FLVvideo.flv"/>
					<dat thumb="paperSub/image/imgB3.jpg" type="img"  path="paperSub/image/big/t1.png"/>
					<dat thumb="paperSub/image/imgB.jpg" type="video" path="dat/Videos/FLVvideo.flv"/>
					<dat thumb="paperSub/image/imgB2.jpg" type="img"  path="paperSub/image/big/t1.png"/>
				</thumbs>
			</dat>
			
			<dat title="olor reprehenderit" thumb="paperSub/image/img3.jpg" url="http://www.demo.com">
				<des>Ssed do eiusmod tempor incididunt ut labore et dolore magna aliqua. Ut enim ad minim veniam, quis nostrud exercitation ullamco laboris nisi ut aliquip ex ea commodo consequat.<br/>Duis aute irure dolor in reprehenderit in voluptate velit esse cillum dolore eu fugiat nulla pariatur.</des>
				<thumbs>
					<dat thumb="paperSub/image/imgB.jpg" type="img"  path="paperSub/image/big/t1.png"/>
					<dat thumb="paperSub/image/imgB2.jpg" type="video" path="dat/Videos/FLVvideo.flv"/>
					<dat thumb="paperSub/image/imgB3.jpg" type="img"  path="paperSub/image/big/t1.png"/>
					<dat thumb="paperSub/image/imgB.jpg" type="img"  path="paperSub/image/big/t1.png"/>
					<dat thumb="paperSub/image/imgB2.jpg" type="video" path="dat/Videos/FLVvideo.flv"/>
					<dat thumb="paperSub/image/imgB3.jpg" type="img"  path="paperSub/image/big/t1.png"/>
					<dat thumb="paperSub/image/imgB.jpg" type="video" path="dat/Videos/FLVvideo.flv"/>
					<dat thumb="paperSub/image/imgB2.jpg" type="img"  path="paperSub/image/big/t1.png"/>
					<dat thumb="paperSub/image/imgB.jpg" type="video" path="dat/Videos/FLVvideo.flv"/>
					<dat thumb="paperSub/image/imgB3.jpg" type="img"  path="paperSub/image/big/t1.png"/>
					<dat thumb="paperSub/image/imgB.jpg" type="video" path="dat/Videos/FLVvideo.flv"/>
					<dat thumb="paperSub/image/imgB2.jpg" type="img"  path="paperSub/image/big/t1.png"/>
				</thumbs>
			</dat>
				<dat title="architecto beatae" thumb="paperSub/image/img4.jpg" url="http://www.demo.com">
				<des>Adipisicing elit, sed do eiusmod tempor incididunt ut labore et dolore magna aliqua. Ut enim ad minim veniam, quis nostrud exercitation ullamco laboris nisi ut aliquip ex ea commodo consequat.<br/>Duis aute irure dolor in reprehenderit in voluptate velit esse cillum dolore eu fugiat nulla pariatur.<br/>Excepteur sint occaecat cupidatat non proident, sunt in culpa qui officia deserunt mollit anim id est laborum.</des>
				<thumbs>
					<dat thumb="paperSub/image/imgB.jpg" type="img"  path="paperSub/image/big/t1.png"/>
					<dat thumb="paperSub/image/imgB2.jpg" type="video" path="dat/Videos/FLVvideo.flv"/>
					<dat thumb="paperSub/image/imgB3.jpg" type="img"  path="paperSub/image/big/t1.png"/>
					<dat thumb="paperSub/image/imgB.jpg" type="img"  path="paperSub/image/big/t1.png"/>
					<dat thumb="paperSub/image/imgB2.jpg" type="video" path="dat/Videos/FLVvideo.flv"/>
					<dat thumb="paperSub/image/imgB3.jpg" type="img"  path="paperSub/image/big/t1.png"/>
					<dat thumb="paperSub/image/imgB.jpg" type="video" path="dat/Videos/FLVvideo.flv"/>
					<dat thumb="paperSub/image/imgB2.jpg" type="img"  path="paperSub/image/big/t1.png"/>
					<dat thumb="paperSub/image/imgB.jpg" type="video" path="dat/Videos/FLVvideo.flv"/>
					<dat thumb="paperSub/image/imgB3.jpg" type="img"  path="paperSub/image/big/t1.png"/>
					<dat thumb="paperSub/image/imgB.jpg" type="video" path="dat/Videos/FLVvideo.flv"/>
					<dat thumb="paperSub/image/imgB2.jpg" type="img"  path="paperSub/image/big/t1.png"/>
				</thumbs>
			</dat>
			
			<dat title="porro quisquam" thumb="paperSub/image/img5.jpg" url="http://www.demo.com">
				<des>Sed do eiusmod tempor incididunt ut labore et dolore magna aliqua. Ut enim ad minim veniam, quis nostrud exercitation ullamco laboris nisi ut aliquip ex ea commodo consequat.<br/>Duis aute irure dolor in reprehenderit in voluptate velit esse cillum dolore eu fugiat nulla pariatur.<br/>Excepteur sint occaecat cupidatat non proident, sunt in culpa qui officia deserunt mollit anim id est laborum.</des>
				<thumbs>
					<dat thumb="paperSub/image/imgB.jpg" type="img"  path="paperSub/image/big/t1.png"/>
					<dat thumb="paperSub/image/imgB2.jpg" type="video" path="dat/Videos/FLVvideo.flv"/>
					<dat thumb="paperSub/image/imgB3.jpg" type="img"  path="paperSub/image/big/t1.png"/>
					<dat thumb="paperSub/image/imgB.jpg" type="img"  path="paperSub/image/big/t1.png"/>
					<dat thumb="paperSub/image/imgB2.jpg" type="video" path="dat/Videos/FLVvideo.flv"/>
					<dat thumb="paperSub/image/imgB3.jpg" type="img"  path="paperSub/image/big/t1.png"/>
					<dat thumb="paperSub/image/imgB.jpg" type="video" path="dat/Videos/FLVvideo.flv"/>
					<dat thumb="paperSub/image/imgB2.jpg" type="img"  path="paperSub/image/big/t1.png"/>
					<dat thumb="paperSub/image/imgB.jpg" type="video" path="dat/Videos/FLVvideo.flv"/>
					<dat thumb="paperSub/image/imgB3.jpg" type="img"  path="paperSub/image/big/t1.png"/>
					<dat thumb="paperSub/image/imgB.jpg" type="video" path="dat/Videos/FLVvideo.flv"/>
					<dat thumb="paperSub/image/imgB2.jpg" type="img"  path="paperSub/image/big/t1.png"/>
				</thumbs>
			</dat>
			
			<dat title="quaerat voluptatem" thumb="paperSub/image/img.jpg" url="http://www.demo.com">
				<des>Tempor incididunt ut labore et dolore magna aliqua. Ut enim ad minim veniam, quis nostrud exercitation ullamco laboris nisi ut aliquip ex ea commodo consequat.<br/>Duis aute irure dolor in reprehenderit in voluptate velit esse cillum dolore eu fugiat nulla pariatur.<br/>Excepteur sint occaecat cupidatat non proident, sunt in culpa qui officia deserunt mollit anim id est laborum.</des>
				<thumbs>
					<dat thumb="paperSub/image/imgB.jpg" type="img"  path="paperSub/image/big/t1.png"/>
					<dat thumb="paperSub/image/imgB2.jpg" type="video" path="dat/Videos/FLVvideo.flv"/>
					<dat thumb="paperSub/image/imgB3.jpg" type="img"  path="paperSub/image/big/t1.png"/>
					<dat thumb="paperSub/image/imgB.jpg" type="img"  path="paperSub/image/big/t1.png"/>
					<dat thumb="paperSub/image/imgB2.jpg" type="video" path="dat/Videos/FLVvideo.flv"/>
					<dat thumb="paperSub/image/imgB3.jpg" type="img"  path="paperSub/image/big/t1.png"/>
					<dat thumb="paperSub/image/imgB.jpg" type="video" path="dat/Videos/FLVvideo.flv"/>
					<dat thumb="paperSub/image/imgB2.jpg" type="img"  path="paperSub/image/big/t1.png"/>
					<dat thumb="paperSub/image/imgB.jpg" type="video" path="dat/Videos/FLVvideo.flv"/>
					<dat thumb="paperSub/image/imgB3.jpg" type="img"  path="paperSub/image/big/t1.png"/>
					<dat thumb="paperSub/image/imgB.jpg" type="video" path="dat/Videos/FLVvideo.flv"/>
					<dat thumb="paperSub/image/imgB2.jpg" type="img"  path="paperSub/image/big/t1.png"/>
				</thumbs>
			</dat>
			
			<dat title="olor reprehenderit" thumb="paperSub/image/img3.jpg" url="http://www.demo.com">
				<des>Ssed do eiusmod tempor incididunt ut labore et dolore magna aliqua. Ut enim ad minim veniam, quis nostrud exercitation ullamco laboris nisi ut aliquip ex ea commodo consequat.<br/>Duis aute irure dolor in reprehenderit in voluptate velit esse cillum dolore eu fugiat nulla pariatur.</des>
				<thumbs>
					<dat thumb="paperSub/image/imgB.jpg" type="img"  path="paperSub/image/big/t1.png"/>
					<dat thumb="paperSub/image/imgB2.jpg" type="video" path="dat/Videos/FLVvideo.flv"/>
					<dat thumb="paperSub/image/imgB3.jpg" type="img"  path="paperSub/image/big/t1.png"/>
					<dat thumb="paperSub/image/imgB.jpg" type="img"  path="paperSub/image/big/t1.png"/>
					<dat thumb="paperSub/image/imgB2.jpg" type="video" path="dat/Videos/FLVvideo.flv"/>
					<dat thumb="paperSub/image/imgB3.jpg" type="img"  path="paperSub/image/big/t1.png"/>
					<dat thumb="paperSub/image/imgB.jpg" type="video" path="dat/Videos/FLVvideo.flv"/>
					<dat thumb="paperSub/image/imgB2.jpg" type="img"  path="paperSub/image/big/t1.png"/>
					<dat thumb="paperSub/image/imgB.jpg" type="video" path="dat/Videos/FLVvideo.flv"/>
					<dat thumb="paperSub/image/imgB3.jpg" type="img"  path="paperSub/image/big/t1.png"/>
					<dat thumb="paperSub/image/imgB.jpg" type="video" path="dat/Videos/FLVvideo.flv"/>
					<dat thumb="paperSub/image/imgB2.jpg" type="img"  path="paperSub/image/big/t1.png"/>
				</thumbs>
			</dat>
		</Category>
	</Folio>
</Mashup>
