<Mashup bgImage="simpleBrowse/image/bg.swf" pos="CC">
	<dat thumb="simpleBrowse/image/t1.jpg" path="paperSub/image/big/t1.png" type="image">
		<title>Dolor sit amet -- Image</title>
		<des>Lorem ipsum dolor sit amet, consectetur adipisicing elit, sed do eiusmod.</des>
	</dat>
	<dat thumb="simpleBrowse/image/t2.jpg" path="dat/Videos/FLVvideo.flv" type="video">
		<title>Sed do eiusmod -- Video</title>
		<des>Nostrud exercitation ullamco laboris nisi ut aliquip ex ea commodo consequat.</des>
	</dat>
	<dat thumb="simpleBrowse/image/t3.jpg" path="paperSub/image/big/t1.png" type="image">
		<title>Reprehenderit in voluptate velit -- image</title>
		<des>Excepteur sint occaecat cupidatat non proident, sunt in culpa qui officia deserunt mollit.</des>
	</dat>
	<dat thumb="simpleBrowse/image/t1.jpg" path="paperSub/image/big/t1.png" type="image">
		<title>Consequuntur dolor sit amet -- Image</title>
		<des>Lorem ipsum dolor sit amet, consectetur adipisicing elit, sed do eiusmod.</des>
	</dat>
	<dat thumb="simpleBrowse/image/t2.jpg" path="dat/Videos/FLVvideo.flv" type="video">
		<title>Do eiusmod tempor incididunt -- Video</title>
		<des>Nostrud exercitation ullamco laboris nisi ut aliquip ex ea commodo consequat.</des>
	</dat>
	<dat thumb="simpleBrowse/image/t3.jpg" path="paperSub/image/big/t1.png" type="image">
		<title>Quisquam in voluptate velit</title>
		<des>Excepteur sint occaecat cupidatat non proident, sunt in culpa qui officia deserunt mollit.</des>
	</dat>
</Mashup>
